-- phpMyAdmin SQL Dump
-- version 5.2.1
-- https://www.phpmyadmin.net/
--
-- Хост: 127.0.0.1
-- Время создания: Июн 20 2024 г., 14:01
-- Версия сервера: 10.4.28-MariaDB
-- Версия PHP: 8.2.4

SET FOREIGN_KEY_CHECKS=0;
SET SQL_MODE = "NO_AUTO_VALUE_ON_ZERO";
START TRANSACTION;
SET time_zone = "+00:00";


/*!40101 SET @OLD_CHARACTER_SET_CLIENT=@@CHARACTER_SET_CLIENT */;
/*!40101 SET @OLD_CHARACTER_SET_RESULTS=@@CHARACTER_SET_RESULTS */;
/*!40101 SET @OLD_COLLATION_CONNECTION=@@COLLATION_CONNECTION */;
/*!40101 SET NAMES utf8mb4 */;

--
-- База данных: `stud_test`
--

-- --------------------------------------------------------

--
-- Структура таблицы `access_tests`
--

CREATE TABLE IF NOT EXISTS `access_tests` (
  `id` bigint(20) UNSIGNED NOT NULL AUTO_INCREMENT,
  `created_at` timestamp NULL DEFAULT NULL,
  `updated_at` timestamp NULL DEFAULT NULL,
  `user_id` bigint(20) UNSIGNED NOT NULL,
  `test_id` bigint(20) UNSIGNED NOT NULL,
  PRIMARY KEY (`id`)
) ENGINE=InnoDB AUTO_INCREMENT=13 DEFAULT CHARSET=utf8mb4 COLLATE=utf8mb4_unicode_ci;

--
-- Дамп данных таблицы `access_tests`
--

INSERT INTO `access_tests` (`id`, `created_at`, `updated_at`, `user_id`, `test_id`) VALUES
(1, '2023-12-27 17:33:21', '2023-12-27 17:33:21', 1, 1),
(2, '2023-12-27 18:28:08', '2023-12-27 18:28:08', 2, 2),
(3, '2023-12-27 19:26:02', '2023-12-27 19:26:02', 3, 3),
(4, '2023-12-27 19:40:11', '2023-12-27 19:40:11', 3, 4),
(5, '2023-12-27 19:40:41', '2023-12-27 19:40:41', 3, 5),
(6, '2023-12-27 19:41:08', '2023-12-27 19:41:08', 1, 4),
(7, '2023-12-27 19:41:12', '2023-12-27 19:41:12', 2, 4),
(8, '2023-12-27 19:41:27', '2023-12-27 19:41:27', 1, 3),
(9, '2023-12-27 19:42:43', '2023-12-27 19:42:43', 1, 6),
(10, '2023-12-27 19:43:36', '2023-12-27 19:43:36', 1, 7),
(11, '2023-12-27 19:43:50', '2023-12-27 19:43:50', 1, 8),
(12, '2024-05-03 04:00:25', '2024-05-03 04:00:25', 9, 9);

-- --------------------------------------------------------

--
-- Структура таблицы `answer_empties`
--

CREATE TABLE IF NOT EXISTS `answer_empties` (
  `id` bigint(20) UNSIGNED NOT NULL AUTO_INCREMENT,
  `created_at` timestamp NULL DEFAULT NULL,
  `updated_at` timestamp NULL DEFAULT NULL,
  `question_id` bigint(20) UNSIGNED NOT NULL,
  `answer` varchar(100) NOT NULL,
  PRIMARY KEY (`id`)
) ENGINE=InnoDB AUTO_INCREMENT=11 DEFAULT CHARSET=utf8mb4 COLLATE=utf8mb4_unicode_ci;

--
-- Дамп данных таблицы `answer_empties`
--

INSERT INTO `answer_empties` (`id`, `created_at`, `updated_at`, `question_id`, `answer`) VALUES
(1, '2023-12-27 17:55:46', '2023-12-27 17:55:46', 16, 'Рокоссовский'),
(2, '2023-12-27 17:56:31', '2023-12-27 17:56:31', 17, 'застоя'),
(3, '2023-12-27 17:57:25', '2023-12-27 17:57:25', 18, 'Столыпин'),
(4, '2023-12-27 18:37:29', '2023-12-27 18:37:29', 20, '28'),
(5, '2023-12-27 18:45:21', '2023-12-27 18:45:21', 23, '75'),
(6, '2023-12-27 19:27:37', '2023-12-27 19:27:37', 30, '8,4'),
(7, '2023-12-27 19:28:33', '2023-12-27 19:28:33', 31, '40'),
(8, '2023-12-27 19:33:11', '2023-12-27 19:33:11', 36, '7'),
(9, '2023-12-27 19:33:52', '2023-12-27 19:33:52', 37, '135'),
(10, '2023-12-27 19:37:18', '2023-12-27 19:37:18', 40, '7');

-- --------------------------------------------------------

--
-- Структура таблицы `answer_options`
--

CREATE TABLE IF NOT EXISTS `answer_options` (
  `id` bigint(20) UNSIGNED NOT NULL AUTO_INCREMENT,
  `created_at` timestamp NULL DEFAULT NULL,
  `updated_at` timestamp NULL DEFAULT NULL,
  `question_id` bigint(20) UNSIGNED NOT NULL,
  `text` varchar(500) NOT NULL,
  `is_right` tinyint(4) NOT NULL,
  PRIMARY KEY (`id`)
) ENGINE=InnoDB AUTO_INCREMENT=106 DEFAULT CHARSET=utf8mb4 COLLATE=utf8mb4_unicode_ci;

--
-- Дамп данных таблицы `answer_options`
--

INSERT INTO `answer_options` (`id`, `created_at`, `updated_at`, `question_id`, `text`, `is_right`) VALUES
(1, '2023-12-27 17:34:31', '2023-12-27 17:34:31', 1, 'Дмитрий Донской и Андрей Курбский', 0),
(2, '2023-12-27 17:34:31', '2023-12-27 17:34:31', 1, 'Иван IV и Ермак Тимофеевич', 1),
(3, '2023-12-27 17:34:31', '2023-12-27 17:34:31', 1, 'Василий III и Иван Калита', 0),
(4, '2023-12-27 17:34:31', '2023-12-27 17:34:31', 1, 'Иван III и Сергий Радонежский', 0),
(5, '2023-12-27 17:35:18', '2023-12-27 17:35:18', 2, 'учреждение Сената', 0),
(6, '2023-12-27 17:35:18', '2023-12-27 17:35:18', 2, 'введение «Табели о рангах»', 0),
(7, '2023-12-27 17:35:18', '2023-12-27 17:35:18', 2, 'отмена местничества', 1),
(8, '2023-12-27 17:35:18', '2023-12-27 17:35:18', 2, 'создание Земских соборов', 0),
(9, '2023-12-27 17:36:08', '2023-12-27 17:36:08', 3, 'разорение ордынским войском Великого Новгорода', 0),
(10, '2023-12-27 17:36:08', '2023-12-27 17:36:08', 3, 'конец зависимости Руси от Орды', 1),
(11, '2023-12-27 17:36:08', '2023-12-27 17:36:08', 3, 'разорение ордынским войском Владимиро-Суздальского княжества', 0),
(12, '2023-12-27 17:36:08', '2023-12-27 17:36:08', 3, 'установление в русских землях системы баскачества', 0),
(13, '2023-12-27 17:36:52', '2023-12-27 17:36:52', 4, 'творения иконописца Андрея Рублёва', 0),
(14, '2023-12-27 17:36:52', '2023-12-27 17:36:52', 4, 'возведение храма Покрова на Нерли', 0),
(15, '2023-12-27 17:36:52', '2023-12-27 17:36:52', 4, 'начало книгопечатания', 1),
(16, '2023-12-27 17:36:52', '2023-12-27 17:36:52', 4, 'творения зодчего Василия Баженова', 0),
(17, '2023-12-27 17:37:38', '2023-12-27 17:37:38', 5, 'Иван Калита', 0),
(18, '2023-12-27 17:37:38', '2023-12-27 17:37:38', 5, 'Иван III', 1),
(19, '2023-12-27 17:37:38', '2023-12-27 17:37:38', 5, 'Иван IV', 0),
(20, '2023-12-27 17:37:38', '2023-12-27 17:37:38', 5, 'Иван Антонович', 0),
(21, '2023-12-27 17:38:58', '2023-12-27 17:38:58', 6, 'дворцового переворота', 1),
(22, '2023-12-27 17:38:58', '2023-12-27 17:38:58', 6, 'назначения её наследницей престола по завещанию Петра III', 0),
(23, '2023-12-27 17:38:58', '2023-12-27 17:38:58', 6, 'особого решения Сената', 0),
(24, '2023-12-27 17:38:58', '2023-12-27 17:38:58', 6, 'приглашения её на престол членами Верховного тайного совета', 0),
(25, '2023-12-27 17:39:43', '2023-12-27 17:39:43', 7, 'переход России к конституционному правлению', 0),
(26, '2023-12-27 17:39:43', '2023-12-27 17:39:43', 7, 'установление в России республики', 0),
(27, '2023-12-27 17:39:43', '2023-12-27 17:39:43', 7, 'династический кризис в России, спор о престолонаследии', 0),
(28, '2023-12-27 17:39:43', '2023-12-27 17:39:43', 7, 'ужесточение внутриполитического курса', 1),
(29, '2023-12-27 17:40:34', '2023-12-27 17:40:34', 8, 'Киев', 0),
(30, '2023-12-27 17:40:34', '2023-12-27 17:40:34', 8, 'Севастополь', 0),
(31, '2023-12-27 17:40:34', '2023-12-27 17:40:34', 8, 'Сталинград', 1),
(32, '2023-12-27 17:40:34', '2023-12-27 17:40:34', 8, 'Ленинград', 0),
(33, '2023-12-27 17:41:23', '2023-12-27 17:41:23', 9, '1991 г', 0),
(34, '2023-12-27 17:41:23', '2023-12-27 17:41:23', 9, '1993 г.', 1),
(35, '2023-12-27 17:41:23', '2023-12-27 17:41:23', 9, '1998 г.', 0),
(36, '2023-12-27 17:41:23', '2023-12-27 17:41:23', 9, '2000 г.', 0),
(37, '2023-12-27 17:48:50', '2023-12-27 17:48:50', 11, 'перепись населения', 1),
(38, '2023-12-27 17:48:50', '2023-12-27 17:48:50', 11, 'создание Земских соборов', 0),
(39, '2023-12-27 17:48:50', '2023-12-27 17:48:50', 11, 'система баскачества', 1),
(40, '2023-12-27 17:48:50', '2023-12-27 17:48:50', 11, 'система местничества', 0),
(41, '2023-12-27 17:48:50', '2023-12-27 17:48:50', 11, 'получение ярлыка на великое княжение', 1),
(42, '2023-12-27 17:48:50', '2023-12-27 17:48:50', 11, 'отмена кормлений', 0),
(43, '2023-12-27 17:51:40', '2023-12-27 17:51:40', 13, 'Октябрьская политическая стачка', 1),
(44, '2023-12-27 17:51:40', '2023-12-27 17:51:40', 13, 'созыв Учредительного собрания', 0),
(45, '2023-12-27 17:51:40', '2023-12-27 17:51:40', 13, '«Кровавое воскресенье»', 1),
(46, '2023-12-27 17:51:40', '2023-12-27 17:51:40', 13, 'нота Милюкова', 0),
(47, '2023-12-27 17:51:40', '2023-12-27 17:51:40', 13, 'созыв I Государственной Думы', 1),
(48, '2023-12-27 17:51:40', '2023-12-27 17:51:40', 13, 'режим «двоевластия»', 0),
(49, '2023-12-27 18:32:10', '2023-12-27 18:32:10', 19, 'Комбинативная', 1),
(50, '2023-12-27 18:32:10', '2023-12-27 18:32:10', 19, 'Генетическая', 0),
(51, '2023-12-27 18:32:10', '2023-12-27 18:32:10', 19, 'Эпигенетическая', 1),
(52, '2023-12-27 18:32:10', '2023-12-27 18:32:10', 19, 'Модификационная', 0),
(53, '2023-12-27 18:40:19', '2023-12-27 18:40:19', 21, 'наличие хлоропластов', 0),
(54, '2023-12-27 18:40:19', '2023-12-27 18:40:19', 21, 'наличие гликокаликса', 1),
(55, '2023-12-27 18:40:19', '2023-12-27 18:40:19', 21, 'способность к фотосинтезу', 0),
(56, '2023-12-27 18:40:19', '2023-12-27 18:40:19', 21, 'способность к фагоцитозу', 1),
(57, '2023-12-27 18:40:19', '2023-12-27 18:40:19', 21, 'способность к биосинтезу белка', 0),
(58, '2023-12-27 18:43:39', '2023-12-27 18:43:39', 22, 'расщепление глюкозы в цитоплазме', 0),
(59, '2023-12-27 18:43:39', '2023-12-27 18:43:39', 22, 'синтез 36 молекул АТФ при расщеплении одной молекулы глюкозы', 0),
(60, '2023-12-27 18:43:39', '2023-12-27 18:43:39', 22, 'образование молочной кислоты', 1),
(61, '2023-12-27 18:43:39', '2023-12-27 18:43:39', 22, 'полное окисление веществ до углекислого газа и воды', 0),
(62, '2023-12-27 18:43:39', '2023-12-27 18:43:39', 22, 'образование пировиноградной кислоты', 1),
(63, '2023-12-27 18:47:32', '2023-12-27 18:47:32', 24, 'гонада', 0),
(64, '2023-12-27 18:47:32', '2023-12-27 18:47:32', 24, 'спора', 1),
(65, '2023-12-27 18:47:32', '2023-12-27 18:47:32', 24, 'оплодотворение', 0),
(66, '2023-12-27 18:47:32', '2023-12-27 18:47:32', 24, 'овогенез (оогенез)', 0),
(67, '2023-12-27 18:47:32', '2023-12-27 18:47:32', 24, 'почкование', 1),
(68, '2023-12-27 18:57:46', '2023-12-27 18:57:46', 28, 'большим видовым разнообразием', 1),
(69, '2023-12-27 18:57:46', '2023-12-27 18:57:46', 28, 'отсутствие редуцентов', 0),
(70, '2023-12-27 18:57:46', '2023-12-27 18:57:46', 28, 'большой численностью хищников', 0),
(71, '2023-12-27 18:57:46', '2023-12-27 18:57:46', 28, 'сложной пищевой сетью', 1),
(72, '2023-12-27 18:57:46', '2023-12-27 18:57:46', 28, 'колебание численности популяций', 0),
(73, '2023-12-27 18:57:46', '2023-12-27 18:57:46', 28, 'сбалансированным круговоротом веществ', 1),
(74, '2023-12-27 19:29:28', '2023-12-27 19:29:28', 32, '18 700', 0),
(75, '2023-12-27 19:29:28', '2023-12-27 19:29:28', 32, '17 400', 1),
(76, '2023-12-27 19:29:28', '2023-12-27 19:29:28', 32, '16 200', 0),
(77, '2023-12-27 19:29:28', '2023-12-27 19:29:28', 32, '19 987', 0),
(78, '2023-12-27 19:30:25', '2023-12-27 19:30:25', 33, '35', 0),
(79, '2023-12-27 19:30:25', '2023-12-27 19:30:25', 33, '245', 1),
(80, '2023-12-27 19:30:25', '2023-12-27 19:30:25', 33, '90', 0),
(81, '2023-12-27 19:30:25', '2023-12-27 19:30:25', 33, '42', 0),
(82, '2023-12-27 19:31:43', '2023-12-27 19:31:43', 34, '0,6', 0),
(83, '2023-12-27 19:31:43', '2023-12-27 19:31:43', 34, '2', 0),
(84, '2023-12-27 19:31:43', '2023-12-27 19:31:43', 34, '-0,6', 1),
(85, '2023-12-27 19:31:43', '2023-12-27 19:31:43', 34, '1,2', 0),
(86, '2023-12-27 19:31:43', '2023-12-27 19:31:43', 34, '-1', 0),
(87, '2023-12-27 19:32:20', '2023-12-27 19:32:20', 35, '7', 0),
(88, '2023-12-27 19:32:20', '2023-12-27 19:32:20', 35, '5', 0),
(89, '2023-12-27 19:32:20', '2023-12-27 19:32:20', 35, '6', 1),
(90, '2023-12-27 19:32:20', '2023-12-27 19:32:20', 35, 'Десять, если есть карта покупателя (шутка)', 0),
(91, '2023-12-27 19:36:33', '2023-12-27 19:36:33', 39, '25', 0),
(92, '2023-12-27 19:36:33', '2023-12-27 19:36:33', 39, '0,2', 1),
(93, '2023-12-27 19:36:33', '2023-12-27 19:36:33', 39, '0,25', 0),
(94, '2023-12-27 19:36:33', '2023-12-27 19:36:33', 39, '50\\50', 0),
(95, '2023-12-27 19:38:21', '2023-12-27 19:38:21', 41, '1', 1),
(96, '2023-12-27 19:38:21', '2023-12-27 19:38:21', 41, '2', 0),
(97, '2023-12-27 19:38:21', '2023-12-27 19:38:21', 41, '3', 0),
(98, '2023-12-27 19:38:21', '2023-12-27 19:38:21', 41, '4', 0),
(99, '2023-12-27 19:38:21', '2023-12-27 19:38:21', 41, '5', 1),
(100, '2023-12-27 19:38:21', '2023-12-27 19:38:21', 41, '6', 0),
(101, '2023-12-27 19:39:25', '2023-12-27 19:39:25', 42, '20', 0),
(102, '2023-12-27 19:39:25', '2023-12-27 19:39:25', 42, '320', 0),
(103, '2023-12-27 19:39:25', '2023-12-27 19:39:25', 42, '5', 1),
(104, '2023-12-27 19:39:25', '2023-12-27 19:39:25', 42, '14', 0),
(105, '2023-12-27 19:39:25', '2023-12-27 19:39:25', 42, '8', 0);

-- --------------------------------------------------------

--
-- Структура таблицы `answer_orders`
--

CREATE TABLE IF NOT EXISTS `answer_orders` (
  `id` bigint(20) UNSIGNED NOT NULL AUTO_INCREMENT,
  `created_at` timestamp NULL DEFAULT NULL,
  `updated_at` timestamp NULL DEFAULT NULL,
  `question_id` bigint(20) UNSIGNED NOT NULL,
  `option1` varchar(350) NOT NULL,
  `option2` varchar(350) NOT NULL,
  PRIMARY KEY (`id`)
) ENGINE=InnoDB AUTO_INCREMENT=42 DEFAULT CHARSET=utf8mb4 COLLATE=utf8mb4_unicode_ci;

--
-- Дамп данных таблицы `answer_orders`
--

INSERT INTO `answer_orders` (`id`, `created_at`, `updated_at`, `question_id`, `option1`, `option2`) VALUES
(1, '2023-12-27 17:47:34', '2023-12-27 17:47:34', 10, '0', 'Софийский собор в Киеве'),
(2, '2023-12-27 17:47:34', '2023-12-27 17:47:34', 10, '1', 'Успенский собор во Владимире'),
(3, '2023-12-27 17:47:34', '2023-12-27 17:47:34', 10, '2', 'храм Василия Блаженного в Москве'),
(4, '2023-12-27 17:47:34', '2023-12-27 17:47:34', 10, '3', 'Новодевичий монастырь в Москве'),
(5, '2023-12-27 17:47:34', '2023-12-27 17:47:34', 10, '4', 'Зимний дворец в Санкт-Петербурге'),
(6, '2023-12-27 17:50:29', '2023-12-27 17:50:29', 12, 'Владимир', 'Красное Солнышко'),
(7, '2023-12-27 17:50:29', '2023-12-27 17:50:29', 12, 'Святополк', 'Окаянный'),
(8, '2023-12-27 17:50:29', '2023-12-27 17:50:29', 12, 'Ярослав', 'Мудрый'),
(9, '2023-12-27 17:50:29', '2023-12-27 17:50:29', 12, 'Олег', 'Вещий'),
(10, '2023-12-27 17:52:59', '2023-12-27 17:52:59', 14, 'Союз 17 октября', 'А.И. Гучков'),
(11, '2023-12-27 17:52:59', '2023-12-27 17:52:59', 14, 'РСДРП', 'В.И. Ленин'),
(12, '2023-12-27 17:52:59', '2023-12-27 17:52:59', 14, 'Конституционно-демократическая партия', 'П.Н. Милюков'),
(13, '2023-12-27 17:52:59', '2023-12-27 17:52:59', 14, 'Партия социалистов-революционеров', 'В.М. Чернов'),
(14, '2023-12-27 17:54:10', '2023-12-27 17:54:10', 15, '0', 'М.Т. Лорис-Меликов'),
(15, '2023-12-27 17:54:10', '2023-12-27 17:54:10', 15, '1', 'П.А. Столыпин'),
(16, '2023-12-27 17:54:10', '2023-12-27 17:54:10', 15, '2', 'Ф.Э. Дзержинский'),
(17, '2023-12-27 17:54:10', '2023-12-27 17:54:10', 15, '3', 'Ю.В. Андропов'),
(18, '2023-12-27 17:54:10', '2023-12-27 17:54:10', 15, '4', 'Е.Т. Гайдар'),
(19, '2023-12-27 18:50:43', '2023-12-27 18:50:43', 25, '0', 'Растения'),
(20, '2023-12-27 18:50:43', '2023-12-27 18:50:43', 25, '1', 'Покрытосеменные'),
(21, '2023-12-27 18:50:43', '2023-12-27 18:50:43', 25, '2', 'Однодольные'),
(22, '2023-12-27 18:50:43', '2023-12-27 18:50:43', 25, '3', 'Злаковые'),
(23, '2023-12-27 18:50:43', '2023-12-27 18:50:43', 25, '4', 'Мятлик'),
(24, '2023-12-27 18:50:43', '2023-12-27 18:50:43', 25, '5', 'Мятлик луговой'),
(25, '2023-12-27 18:53:21', '2023-12-27 18:53:21', 26, 'образует наружный покров кожи', 'эпителиальная'),
(26, '2023-12-27 18:53:21', '2023-12-27 18:53:21', 26, 'выполняет функцию опоры', 'соединительная'),
(27, '2023-12-27 18:53:21', '2023-12-27 18:53:21', 26, 'проводит импульсы', 'нервная'),
(28, '2023-12-27 18:55:15', '2023-12-27 18:55:15', 27, '0', 'начало расщепления крахмала'),
(29, '2023-12-27 18:55:15', '2023-12-27 18:55:15', 27, '1', 'расщепление белков под действием пепсина'),
(30, '2023-12-27 18:55:15', '2023-12-27 18:55:15', 27, '2', 'поступление желчи в двенадцатиперстную кишку'),
(31, '2023-12-27 18:55:15', '2023-12-27 18:55:15', 27, '3', 'всасывание жиров в лимфу'),
(32, '2023-12-27 18:55:15', '2023-12-27 18:55:15', 27, '4', 'поступление каловых масс в прямую кишку'),
(33, '2023-12-27 19:00:28', '2023-12-27 19:00:28', 29, '0', 'абиогенный синтез'),
(34, '2023-12-27 19:00:28', '2023-12-27 19:00:28', 29, '1', 'появление клеточных форм жизни'),
(35, '2023-12-27 19:00:28', '2023-12-27 19:00:28', 29, '2', 'возникновение фотосинтеза у прокариот'),
(36, '2023-12-27 19:00:28', '2023-12-27 19:00:28', 29, '3', 'формирование озонового экрана'),
(37, '2023-12-27 19:00:28', '2023-12-27 19:00:28', 29, '4', 'выход животных на сушу'),
(38, '2023-12-27 19:35:48', '2023-12-27 19:35:48', 38, 'Рост ребёнка', '110 см'),
(39, '2023-12-27 19:35:48', '2023-12-27 19:35:48', 38, 'Толщина листа бумаги', '0,2 мм'),
(40, '2023-12-27 19:35:48', '2023-12-27 19:35:48', 38, 'Протяженность автобусного маршрута', '32 км'),
(41, '2023-12-27 19:35:48', '2023-12-27 19:35:48', 38, 'Высота жилого дома', '30 м');

-- --------------------------------------------------------

--
-- Структура таблицы `failed_jobs`
--

CREATE TABLE IF NOT EXISTS `failed_jobs` (
  `id` bigint(20) UNSIGNED NOT NULL AUTO_INCREMENT,
  `uuid` varchar(255) NOT NULL,
  `connection` text NOT NULL,
  `queue` text NOT NULL,
  `payload` longtext NOT NULL,
  `exception` longtext NOT NULL,
  `failed_at` timestamp NOT NULL DEFAULT current_timestamp(),
  PRIMARY KEY (`id`),
  UNIQUE KEY `failed_jobs_uuid_unique` (`uuid`)
) ENGINE=InnoDB DEFAULT CHARSET=utf8mb4 COLLATE=utf8mb4_unicode_ci;

-- --------------------------------------------------------

--
-- Структура таблицы `groups`
--

CREATE TABLE IF NOT EXISTS `groups` (
  `id` bigint(20) UNSIGNED NOT NULL AUTO_INCREMENT,
  `created_at` timestamp NULL DEFAULT NULL,
  `updated_at` timestamp NULL DEFAULT NULL,
  `title` varchar(255) NOT NULL,
  PRIMARY KEY (`id`),
  UNIQUE KEY `groups_title_unique` (`title`)
) ENGINE=InnoDB AUTO_INCREMENT=6 DEFAULT CHARSET=utf8mb4 COLLATE=utf8mb4_unicode_ci;

--
-- Дамп данных таблицы `groups`
--

INSERT INTO `groups` (`id`, `created_at`, `updated_at`, `title`) VALUES
(1, '2023-12-27 21:10:47', '2023-12-27 21:10:47', 'ПРИ-0-22\\1'),
(2, '2023-12-27 21:10:47', '2023-12-27 21:10:47', 'МОАИС-0-21\\2'),
(3, '2023-12-27 21:10:47', '2023-12-27 21:10:47', 'АС-0-20\\1'),
(4, '2023-12-27 17:13:16', '2023-12-27 17:13:16', '18ИС-1'),
(5, '2023-12-27 17:14:00', '2023-12-27 17:14:00', 'Группа-А');

-- --------------------------------------------------------

--
-- Структура таблицы `invite_tests`
--

CREATE TABLE IF NOT EXISTS `invite_tests` (
  `id` bigint(20) UNSIGNED NOT NULL AUTO_INCREMENT,
  `created_at` timestamp NULL DEFAULT NULL,
  `updated_at` timestamp NULL DEFAULT NULL,
  `user_id` bigint(20) UNSIGNED NOT NULL,
  `test_id` bigint(20) UNSIGNED NOT NULL,
  `is_can_view` tinyint(1) NOT NULL DEFAULT 0,
  `time_access` timestamp NULL DEFAULT NULL,
  `count_attempts` int(11) NOT NULL DEFAULT 0,
  `count_minutes` int(11) NOT NULL DEFAULT 0,
  PRIMARY KEY (`id`)
) ENGINE=InnoDB AUTO_INCREMENT=3 DEFAULT CHARSET=utf8mb4 COLLATE=utf8mb4_unicode_ci;

--
-- Дамп данных таблицы `invite_tests`
--

INSERT INTO `invite_tests` (`id`, `created_at`, `updated_at`, `user_id`, `test_id`, `is_can_view`, `time_access`, `count_attempts`, `count_minutes`) VALUES
(1, '2023-12-27 19:53:36', '2023-12-27 19:53:36', 5, 1, 0, NULL, 5, 10),
(2, '2023-12-27 19:53:36', '2023-12-27 19:55:41', 6, 1, 0, NULL, 3, 10);

-- --------------------------------------------------------

--
-- Структура таблицы `migrations`
--

CREATE TABLE IF NOT EXISTS `migrations` (
  `id` int(10) UNSIGNED NOT NULL AUTO_INCREMENT,
  `migration` varchar(255) NOT NULL,
  `batch` int(11) NOT NULL,
  PRIMARY KEY (`id`)
) ENGINE=InnoDB AUTO_INCREMENT=39 DEFAULT CHARSET=utf8mb4 COLLATE=utf8mb4_unicode_ci;

--
-- Дамп данных таблицы `migrations`
--

INSERT INTO `migrations` (`id`, `migration`, `batch`) VALUES
(1, '2014_10_12_000000_create_users_table', 1),
(2, '2014_10_12_100000_create_password_reset_tokens_table', 1),
(3, '2019_08_19_000000_create_failed_jobs_table', 1),
(4, '2019_12_14_000001_create_personal_access_tokens_table', 1),
(5, '2023_09_05_065018_create_tests_table', 1),
(6, '2023_09_12_132320_create_test_users_table', 2),
(9, '2023_09_13_092500_create_answers_table', 2),
(10, '2014_10_12_100000_create_password_resets_table', 3),
(11, '2023_09_13_092440_create_types_table', 3),
(12, '2023_09_13_092413_create_questions_table', 4),
(13, '2023_11_01_153210_drop_column_answer_to_questions_table', 5),
(14, '2023_11_01_154042_drop_answers_table', 5),
(15, '2023_11_01_160706_create_answer_options_table', 5),
(16, '2023_11_01_162046_create_answer_empties_table', 5),
(17, '2023_11_01_162241_create_answer_orders_table', 5),
(18, '2023_11_07_131848_add_column_test_id_to_questions_table', 6),
(19, '2023_11_15_170634_create_groups_table', 7),
(20, '2023_11_15_172502_add_columns_to_users_table', 8),
(21, '2023_11_15_173131_create_user_groups_table', 8),
(22, '2023_11_15_193640_create_access_tests_table', 9),
(23, '2023_11_15_193807_create_invite_tests_table', 9),
(24, '2023_11_25_144523_add_count_questions_column_to_test_table', 10),
(25, '2023_11_25_155750_add_columns_to_invite_tests_table', 11),
(31, '2023_12_10_153831_create_results_table', 12),
(32, '2023_12_10_154709_create_result_questions_table', 12),
(33, '2023_12_10_155057_create_result_answer_options_table', 12),
(34, '2023_12_10_160710_create_result_answer_empties_table', 12),
(35, '2023_12_10_160838_create_result_answer_orders_table', 12),
(36, '2023_12_25_102511_add_max_points_and_duration_columns_to_results_table', 13),
(37, '2023_12_25_102745_add_score_column_to_result_questions_table', 13),
(38, '2023_12_27_210556_drop_to_test_users_table', 14);

-- --------------------------------------------------------

--
-- Структура таблицы `password_resets`
--

CREATE TABLE IF NOT EXISTS `password_resets` (
  `email` varchar(255) NOT NULL,
  `token` varchar(255) NOT NULL,
  `created_at` timestamp NULL DEFAULT NULL,
  KEY `password_resets_email_index` (`email`)
) ENGINE=InnoDB DEFAULT CHARSET=utf8mb4 COLLATE=utf8mb4_unicode_ci;

-- --------------------------------------------------------

--
-- Структура таблицы `password_reset_tokens`
--

CREATE TABLE IF NOT EXISTS `password_reset_tokens` (
  `email` varchar(255) NOT NULL,
  `token` varchar(255) NOT NULL,
  `created_at` timestamp NULL DEFAULT NULL,
  PRIMARY KEY (`email`)
) ENGINE=InnoDB DEFAULT CHARSET=utf8mb4 COLLATE=utf8mb4_unicode_ci;

-- --------------------------------------------------------

--
-- Структура таблицы `personal_access_tokens`
--

CREATE TABLE IF NOT EXISTS `personal_access_tokens` (
  `id` bigint(20) UNSIGNED NOT NULL AUTO_INCREMENT,
  `tokenable_type` varchar(255) NOT NULL,
  `tokenable_id` bigint(20) UNSIGNED NOT NULL,
  `name` varchar(255) NOT NULL,
  `token` varchar(64) NOT NULL,
  `abilities` text DEFAULT NULL,
  `last_used_at` timestamp NULL DEFAULT NULL,
  `expires_at` timestamp NULL DEFAULT NULL,
  `created_at` timestamp NULL DEFAULT NULL,
  `updated_at` timestamp NULL DEFAULT NULL,
  PRIMARY KEY (`id`),
  UNIQUE KEY `personal_access_tokens_token_unique` (`token`),
  KEY `personal_access_tokens_tokenable_type_tokenable_id_index` (`tokenable_type`,`tokenable_id`)
) ENGINE=InnoDB DEFAULT CHARSET=utf8mb4 COLLATE=utf8mb4_unicode_ci;

-- --------------------------------------------------------

--
-- Структура таблицы `questions`
--

CREATE TABLE IF NOT EXISTS `questions` (
  `id` bigint(20) UNSIGNED NOT NULL AUTO_INCREMENT,
  `created_at` timestamp NULL DEFAULT NULL,
  `updated_at` timestamp NULL DEFAULT NULL,
  `type_id` bigint(20) UNSIGNED NOT NULL,
  `text` varchar(500) NOT NULL,
  `score` double(8,2) NOT NULL DEFAULT 0.00,
  `path_image` varchar(255) DEFAULT NULL,
  `test_id` bigint(20) UNSIGNED NOT NULL,
  PRIMARY KEY (`id`)
) ENGINE=InnoDB AUTO_INCREMENT=43 DEFAULT CHARSET=utf8mb4 COLLATE=utf8mb4_unicode_ci;

--
-- Дамп данных таблицы `questions`
--

INSERT INTO `questions` (`id`, `created_at`, `updated_at`, `type_id`, `text`, `score`, `path_image`, `test_id`) VALUES
(1, '2023-12-27 17:34:31', '2023-12-27 17:34:31', 1, 'Современниками были', 1.00, NULL, 1),
(2, '2023-12-27 17:35:18', '2023-12-27 17:35:18', 1, 'К XVII в. относится', 1.00, NULL, 1),
(3, '2023-12-27 17:36:08', '2023-12-27 17:36:08', 1, 'Что было итогом события, вошедшего в историю как «стояние на реке Угре» (1480 г.)?', 1.00, NULL, 1),
(4, '2023-12-27 17:36:52', '2023-12-27 17:36:52', 1, 'Что из перечисленного относится к достижениям культуры в России XVI в.?', 1.00, NULL, 1),
(5, '2023-12-27 17:37:38', '2023-12-27 17:37:38', 1, 'Прочтите отрывок из сочинения историка Н.М. Карамзина и укажите, о каком правителе идет речь.\r\n\r\n«В заключение скажем, что добрая слава Иоаннова пережила его худую славу в народной памяти: стенания умолкли, жертвы истлели, и старые предания затмились новейшими; но имя [его] блистало на судебнике и напоминало приобретение трёх царств монгольских: доказательства дел ужасных лежали в книгохранилищах, а народ в течение веков видел Казань, Астрахань, Сибирь как живые монументы царя-завоевателя…»', 1.00, NULL, 1),
(6, '2023-12-27 17:38:58', '2023-12-27 17:38:58', 1, 'Воцарение на российском престоле Екатерины II было результатом', 2.00, NULL, 1),
(7, '2023-12-27 17:39:43', '2023-12-27 17:39:43', 1, 'Что было одним из последствий убийства императора Александра II?', 2.00, NULL, 1),
(8, '2023-12-27 17:40:34', '2023-12-27 17:40:34', 1, 'В ходе битвы за какой город проходили кровопролитные сражения в районе Мамаева кургана?', 3.00, NULL, 1),
(9, '2023-12-27 17:41:23', '2023-12-27 17:41:23', 1, 'Действующая Конституция РФ была принята в', 1.00, NULL, 1),
(10, '2023-12-27 17:47:34', '2023-12-27 17:47:34', 4, 'Расположите в хронологической последовательности создания следующие памятники зодчества.', 5.00, NULL, 1),
(11, '2023-12-27 17:48:50', '2023-12-27 17:48:50', 2, 'Какие три черты из перечисленных ниже характеризовали зависимость русских земель от Орды?', 5.00, NULL, 1),
(12, '2023-12-27 17:50:29', '2023-12-27 17:50:29', 5, 'Установите соответствие между именами князей Древней Руси и прозваниями, закрепившимися за ними в истории.', 10.00, NULL, 1),
(13, '2023-12-27 17:51:40', '2023-12-27 17:51:40', 2, 'Какие три из приведенных событий связанны с революцией 1905 – 1907 гг.?', 5.00, NULL, 1),
(14, '2023-12-27 17:52:59', '2023-12-27 17:52:59', 5, 'Установите соответствие между партиями и их лидерами: к каждой позиции первого столбца подберите соответствующую позицию второго столбца', 10.00, NULL, 1),
(15, '2023-12-27 17:54:10', '2023-12-27 17:54:10', 4, 'Расположите в хронологической последовательности имена знаменитых государственных деятелей России - СССР.', 10.00, NULL, 1),
(16, '2023-12-27 17:55:46', '2023-12-27 17:55:46', 3, 'Ниже приведен перечень фамилий полководцев и флотоводцев. Все они, за исключением одного, относятся к XIX в.\r\n\r\nКутузов, Багратион, Скобелев, Гурко, Нахимов, Рокоссовский.\r\n\r\nНайдите и запишите фамилию, относящуюся к другому историческому периоду.', 5.00, NULL, 1),
(17, '2023-12-27 17:56:31', '2023-12-27 17:56:31', 3, 'Напишите пропущенное понятие (термин).\r\n\r\nПолитика, направленная на снижение агрессивности противостояния стран социалистического и капиталистического лагерей, проводимая в конце 1960-х – конце 1970-х гг., получила название период ______________________ .', 5.00, NULL, 1),
(18, '2023-12-27 17:57:25', '2023-12-27 17:57:25', 3, 'Назовите фамилию председателя Совета Министров, при котором началась реформа, направленная на развитие частной собственности в крестьянской среде.', 10.00, NULL, 1),
(19, '2023-12-27 18:32:10', '2023-12-27 18:32:10', 2, 'Рассмотрите предложенную схему классификации видов изменчивости. Запишите в ответе пропущенный термин, обозначенный на схеме вопросительным знаком.', 5.00, 'images/Gw91oLnnhRk8QlDHsmd5Bp0sYHInqoWnzLXITnd2.png', 2),
(20, '2023-12-27 18:37:29', '2023-12-27 18:37:29', 3, 'В соматической клетке тела рыбы 56 хромосом. Какой набор хромосом имеет сперматозоид рыбы? В ответе запишите только число хромосом.', 2.00, NULL, 2),
(21, '2023-12-27 18:40:19', '2023-12-27 18:40:19', 2, 'Все перечисленные ниже признаки, кроме двух, используются для описания изображённой на рисунке клетки. Определите два признака, «выпадающих» из общего списка, и запишите в таблицу цифры, под которыми они указаны.', 5.00, 'images/cqXtWx6qkuDufEndCvOxVAiYPde7ymadofFes4Hg.png', 2),
(22, '2023-12-27 18:43:39', '2023-12-27 18:43:39', 2, 'Какие из этих процессов бескислородные?', 5.00, NULL, 2),
(23, '2023-12-27 18:45:21', '2023-12-27 18:45:21', 3, 'По изображённой на рисунке родословной определите вероятность (в процентах) рождения в браке, отмеченном цифрой 1, ребёнка с признакам, проявившимся при полном его доминировании. Ответ запишите в виде числа без знака %.', 5.00, 'images/hlLSoHXh8fOKxEQeT3RaXmhs8A6L8GKo2mDsLbnH.png', 2),
(24, '2023-12-27 18:47:32', '2023-12-27 18:47:32', 2, 'Все приведённые ниже термины, кроме двух, используют для описания полового размножения организмов.\r\nОпределите два термина, «выпадающих» из общего списка.', 5.00, NULL, 2),
(25, '2023-12-27 18:50:43', '2023-12-27 18:50:43', 4, 'Установите последовательность таксономических названий, начиная с самого крупного.', 10.00, NULL, 2),
(26, '2023-12-27 18:53:21', '2023-12-27 18:53:21', 5, 'Установите соответствие между характеристиками и типами ткани человека:', 5.00, NULL, 2),
(27, '2023-12-27 18:55:15', '2023-12-27 18:55:15', 4, 'Установите последовательность процессов, происходящих в пищеварительной системе человека при переваривании пищи.', 10.00, NULL, 2),
(28, '2023-12-27 18:57:46', '2023-12-27 18:57:46', 2, 'Устойчивость экосистемы влажного экваториального леса определяется', 2.00, NULL, 2),
(29, '2023-12-27 19:00:28', '2023-12-27 19:00:28', 4, 'Установите последовательность эволюционных процессов, происходивших на Земле, B хронологическом порядке.', 10.00, NULL, 2),
(30, '2023-12-27 19:27:37', '2023-12-27 19:27:37', 3, 'Найдите значение выражения (для записи ответа используйте \",\")', 3.00, 'images/m7afjFFx8NnEnbGqmAdg77hBx9YUbPFOYWlcdi7Q.png', 3),
(31, '2023-12-27 19:28:33', '2023-12-27 19:28:33', 3, 'Найдите значение выражения (для записи ответа используйте \",\")', 3.00, 'images/K2NpEsLr5hOm1KhDVDUcQhdGvfPTo68ZaeWm6gag.png', 3),
(32, '2023-12-27 19:29:28', '2023-12-27 19:29:28', 1, 'Ивану Кузьмичу начислена заработная плата 20 000 рублей. Из этой суммы вычитается налог на доходы физических лиц в размере 13%. Сколько рублей он получит после уплаты подоходного налога?', 5.00, NULL, 3),
(33, '2023-12-27 19:30:25', '2023-12-27 19:30:25', 1, 'Запишите ответ', 5.00, 'images/sHio2rF3UwhnylZH15ssUfx68vm5y0lQdUrhvFxa.png', 3),
(34, '2023-12-27 19:31:43', '2023-12-27 19:31:43', 1, 'Выберите ответ', 5.00, 'images/mXyTqLO1D0auMl0PZVYuCJwll1scuE4Z4mnNOlIr.png', 3),
(35, '2023-12-27 19:32:20', '2023-12-27 19:32:20', 1, 'Баночка йогурта стоит 14 рублей 60 копеек. Какое наибольшее количество баночек йогурта можно купить на 100 рублей?', 3.00, NULL, 3),
(36, '2023-12-27 19:33:11', '2023-12-27 19:33:11', 3, 'Найдите корень уравнения', 3.00, 'images/CNzgdwqcIAyotddF1XO1T3pWOFiGnUSMFJFF4Dff.png', 3),
(37, '2023-12-27 19:33:52', '2023-12-27 19:33:52', 3, 'Дачный участок имеет форму прямоугольника со сторонами 25 метров и 30 метров. Хозяин планирует обнести его забором и разделить таким же забором на две части, одна из которых имеет форму квадрата. Найдите суммарную длину забора в метрах.', 5.00, 'images/VBTychxibysrKEBHooKzCmIa1lCwFJtYmHh6vZ7W.png', 3),
(38, '2023-12-27 19:35:48', '2023-12-27 19:35:48', 5, 'Установите соответствие между величинами и их возможными значениями: к каждому элементу первого столбца подберите соответствующий элемент из второго столбца.', 10.00, NULL, 3),
(39, '2023-12-27 19:36:33', '2023-12-27 19:36:33', 1, 'В чемпионате по прыжкам в воду участвуют 35 спортсменов: 7 из России, 12 из Китая, 9 из Японии и 7 из США. Порядок, в котором выступают спортсмены, определяется жребием. Найдите вероятность того, что спортсмен, выступающий первым, окажется из России.', 5.00, NULL, 3),
(40, '2023-12-27 19:37:18', '2023-12-27 19:37:18', 3, 'На диаграмме приведены данные о длине восьми крупнейших рек России (в тысячах километров). Первое место по длине занимает река Лена.\r\n\r\nНа каком месте по длине находится река Амур?', 3.00, 'images/W4yRYzDaZkRW568vjXlbuH0morRxKFapy25fZzqy.png', 3),
(41, '2023-12-27 19:38:21', '2023-12-27 19:38:21', 2, 'В таблице приведены данные о шести чемоданах.\r\n\r\nПо правилам авиакомпании сумма трёх измерений (длина, высота, ширина) чемодана, сдаваемого в багаж, не должна превышать 203 см, а масса не должна быть больше 23 кг. Какие чемоданы можно сдать в багаж по правилам этой авиакомпании? В ответе укажите номера всех выбранных чемоданов без пробелов, запятых и других дополнительных символов.', 5.00, 'images/twqKFuaqyWzUs4NQRn16cVQIxwMLGTgEYmbrt3Rh.png', 3),
(42, '2023-12-27 19:39:25', '2023-12-27 19:39:25', 1, 'Вода в сосуде цилиндрической формы находится на уровне h = 80 см. На каком уровне окажется вода, если её перелить в другой цилиндрический сосуд, у которого радиус основания в 4 раза больше, чем у данного? Ответ дайте в сантиметрах.', 5.00, 'images/EFkp2w03y5YturBpI62TCUxvCokDZZDUrUzcOyY2.png', 3);

-- --------------------------------------------------------

--
-- Структура таблицы `results`
--

CREATE TABLE IF NOT EXISTS `results` (
  `id` bigint(20) UNSIGNED NOT NULL AUTO_INCREMENT,
  `created_at` timestamp NULL DEFAULT NULL,
  `updated_at` timestamp NULL DEFAULT NULL,
  `invite_id` bigint(20) UNSIGNED NOT NULL,
  `percent_of_right` double(8,2) NOT NULL DEFAULT 0.00,
  `ended_at` timestamp NOT NULL DEFAULT current_timestamp(),
  `max_points` double(8,2) NOT NULL DEFAULT 0.00,
  `duration` int(11) NOT NULL DEFAULT 0,
  PRIMARY KEY (`id`)
) ENGINE=InnoDB AUTO_INCREMENT=3 DEFAULT CHARSET=utf8mb4 COLLATE=utf8mb4_unicode_ci;

--
-- Дамп данных таблицы `results`
--

INSERT INTO `results` (`id`, `created_at`, `updated_at`, `invite_id`, `percent_of_right`, `ended_at`, `max_points`, `duration`) VALUES
(1, '2023-12-27 19:55:01', '2023-12-27 19:55:01', 2, 0.14, '2023-12-27 23:55:01', 50.00, 0),
(2, '2023-12-27 19:55:41', '2023-12-27 19:55:41', 2, 0.48, '2023-12-27 23:55:41', 29.00, 0);

-- --------------------------------------------------------

--
-- Структура таблицы `result_answer_empties`
--

CREATE TABLE IF NOT EXISTS `result_answer_empties` (
  `id` bigint(20) UNSIGNED NOT NULL AUTO_INCREMENT,
  `created_at` timestamp NULL DEFAULT NULL,
  `updated_at` timestamp NULL DEFAULT NULL,
  `result_question_id` bigint(20) UNSIGNED NOT NULL,
  `text` varchar(255) DEFAULT NULL,
  PRIMARY KEY (`id`)
) ENGINE=InnoDB AUTO_INCREMENT=4 DEFAULT CHARSET=utf8mb4 COLLATE=utf8mb4_unicode_ci;

--
-- Дамп данных таблицы `result_answer_empties`
--

INSERT INTO `result_answer_empties` (`id`, `created_at`, `updated_at`, `result_question_id`, `text`) VALUES
(1, '2023-12-27 19:55:01', '2023-12-27 19:55:01', 2, '123'),
(2, '2023-12-27 19:55:01', '2023-12-27 19:55:01', 5, ''),
(3, '2023-12-27 19:55:41', '2023-12-27 19:55:41', 11, '123');

-- --------------------------------------------------------

--
-- Структура таблицы `result_answer_options`
--

CREATE TABLE IF NOT EXISTS `result_answer_options` (
  `id` bigint(20) UNSIGNED NOT NULL AUTO_INCREMENT,
  `created_at` timestamp NULL DEFAULT NULL,
  `updated_at` timestamp NULL DEFAULT NULL,
  `result_question_id` bigint(20) UNSIGNED NOT NULL,
  `answer_option_id` bigint(20) UNSIGNED NOT NULL,
  PRIMARY KEY (`id`)
) ENGINE=InnoDB AUTO_INCREMENT=18 DEFAULT CHARSET=utf8mb4 COLLATE=utf8mb4_unicode_ci;

--
-- Дамп данных таблицы `result_answer_options`
--

INSERT INTO `result_answer_options` (`id`, `created_at`, `updated_at`, `result_question_id`, `answer_option_id`) VALUES
(1, '2023-12-27 19:55:01', '2023-12-27 19:55:01', 1, 10),
(2, '2023-12-27 19:55:01', '2023-12-27 19:55:01', 6, 33),
(3, '2023-12-27 19:55:01', '2023-12-27 19:55:01', 7, 2),
(4, '2023-12-27 19:55:01', '2023-12-27 19:55:01', 8, 25),
(5, '2023-12-27 19:55:01', '2023-12-27 19:55:01', 9, 40),
(6, '2023-12-27 19:55:01', '2023-12-27 19:55:01', 9, 38),
(7, '2023-12-27 19:55:01', '2023-12-27 19:55:01', 9, 42),
(8, '2023-12-27 19:55:01', '2023-12-27 19:55:01', 10, 46),
(9, '2023-12-27 19:55:01', '2023-12-27 19:55:01', 10, 48),
(10, '2023-12-27 19:55:01', '2023-12-27 19:55:01', 10, 43),
(11, '2023-12-27 19:55:41', '2023-12-27 19:55:41', 12, 27),
(12, '2023-12-27 19:55:41', '2023-12-27 19:55:41', 14, 16),
(13, '2023-12-27 19:55:41', '2023-12-27 19:55:41', 15, 34),
(14, '2023-12-27 19:55:41', '2023-12-27 19:55:41', 16, 2),
(15, '2023-12-27 19:55:41', '2023-12-27 19:55:41', 18, 9),
(16, '2023-12-27 19:55:41', '2023-12-27 19:55:41', 19, 23),
(17, '2023-12-27 19:55:41', '2023-12-27 19:55:41', 20, 5);

-- --------------------------------------------------------

--
-- Структура таблицы `result_answer_orders`
--

CREATE TABLE IF NOT EXISTS `result_answer_orders` (
  `id` bigint(20) UNSIGNED NOT NULL AUTO_INCREMENT,
  `created_at` timestamp NULL DEFAULT NULL,
  `updated_at` timestamp NULL DEFAULT NULL,
  `result_question_id` bigint(20) UNSIGNED NOT NULL,
  `result_answer_order_option1_id` bigint(20) UNSIGNED DEFAULT NULL,
  `result_answer_order_option2_id` bigint(20) UNSIGNED NOT NULL,
  PRIMARY KEY (`id`)
) ENGINE=InnoDB AUTO_INCREMENT=18 DEFAULT CHARSET=utf8mb4 COLLATE=utf8mb4_unicode_ci;

--
-- Дамп данных таблицы `result_answer_orders`
--

INSERT INTO `result_answer_orders` (`id`, `created_at`, `updated_at`, `result_question_id`, `result_answer_order_option1_id`, `result_answer_order_option2_id`) VALUES
(1, '2023-12-27 19:55:01', '2023-12-27 19:55:01', 3, 10, 11),
(2, '2023-12-27 19:55:01', '2023-12-27 19:55:01', 3, 11, 10),
(3, '2023-12-27 19:55:01', '2023-12-27 19:55:01', 3, 12, 13),
(4, '2023-12-27 19:55:01', '2023-12-27 19:55:01', 3, 13, 12),
(5, '2023-12-27 19:55:01', '2023-12-27 19:55:01', 4, 6, 8),
(6, '2023-12-27 19:55:01', '2023-12-27 19:55:01', 4, 7, 7),
(7, '2023-12-27 19:55:01', '2023-12-27 19:55:01', 4, 8, 6),
(8, '2023-12-27 19:55:01', '2023-12-27 19:55:01', 4, 9, 9),
(9, '2023-12-27 19:55:41', '2023-12-27 19:55:41', 13, NULL, 3),
(10, '2023-12-27 19:55:41', '2023-12-27 19:55:41', 13, NULL, 2),
(11, '2023-12-27 19:55:41', '2023-12-27 19:55:41', 13, NULL, 5),
(12, '2023-12-27 19:55:41', '2023-12-27 19:55:41', 13, NULL, 4),
(13, '2023-12-27 19:55:41', '2023-12-27 19:55:41', 13, NULL, 1),
(14, '2023-12-27 19:55:41', '2023-12-27 19:55:41', 17, 6, 6),
(15, '2023-12-27 19:55:41', '2023-12-27 19:55:41', 17, 7, 7),
(16, '2023-12-27 19:55:41', '2023-12-27 19:55:41', 17, 8, 8),
(17, '2023-12-27 19:55:41', '2023-12-27 19:55:41', 17, 9, 9);

-- --------------------------------------------------------

--
-- Структура таблицы `result_questions`
--

CREATE TABLE IF NOT EXISTS `result_questions` (
  `id` bigint(20) UNSIGNED NOT NULL AUTO_INCREMENT,
  `created_at` timestamp NULL DEFAULT NULL,
  `updated_at` timestamp NULL DEFAULT NULL,
  `result_id` bigint(20) UNSIGNED NOT NULL,
  `question_id` bigint(20) UNSIGNED NOT NULL,
  `score` double(8,2) NOT NULL DEFAULT 0.00,
  PRIMARY KEY (`id`)
) ENGINE=InnoDB AUTO_INCREMENT=21 DEFAULT CHARSET=utf8mb4 COLLATE=utf8mb4_unicode_ci;

--
-- Дамп данных таблицы `result_questions`
--

INSERT INTO `result_questions` (`id`, `created_at`, `updated_at`, `result_id`, `question_id`, `score`) VALUES
(1, '2023-12-27 19:55:01', '2023-12-27 19:55:01', 1, 3, 1.00),
(2, '2023-12-27 19:55:01', '2023-12-27 19:55:01', 1, 16, 0.00),
(3, '2023-12-27 19:55:01', '2023-12-27 19:55:01', 1, 14, 0.00),
(4, '2023-12-27 19:55:01', '2023-12-27 19:55:01', 1, 12, 5.00),
(5, '2023-12-27 19:55:01', '2023-12-27 19:55:01', 1, 18, 0.00),
(6, '2023-12-27 19:55:01', '2023-12-27 19:55:01', 1, 9, 0.00),
(7, '2023-12-27 19:55:01', '2023-12-27 19:55:01', 1, 1, 1.00),
(8, '2023-12-27 19:55:01', '2023-12-27 19:55:01', 1, 7, 0.00),
(9, '2023-12-27 19:55:01', '2023-12-27 19:55:01', 1, 11, 0.00),
(10, '2023-12-27 19:55:01', '2023-12-27 19:55:01', 1, 13, 0.00),
(11, '2023-12-27 19:55:41', '2023-12-27 19:55:41', 2, 17, 0.00),
(12, '2023-12-27 19:55:41', '2023-12-27 19:55:41', 2, 7, 0.00),
(13, '2023-12-27 19:55:41', '2023-12-27 19:55:41', 2, 10, 2.00),
(14, '2023-12-27 19:55:41', '2023-12-27 19:55:41', 2, 4, 0.00),
(15, '2023-12-27 19:55:41', '2023-12-27 19:55:41', 2, 9, 1.00),
(16, '2023-12-27 19:55:41', '2023-12-27 19:55:41', 2, 1, 1.00),
(17, '2023-12-27 19:55:41', '2023-12-27 19:55:41', 2, 12, 10.00),
(18, '2023-12-27 19:55:41', '2023-12-27 19:55:41', 2, 3, 0.00),
(19, '2023-12-27 19:55:41', '2023-12-27 19:55:41', 2, 6, 0.00),
(20, '2023-12-27 19:55:41', '2023-12-27 19:55:41', 2, 2, 0.00);

-- --------------------------------------------------------

--
-- Структура таблицы `tests`
--

CREATE TABLE IF NOT EXISTS `tests` (
  `id` bigint(20) UNSIGNED NOT NULL AUTO_INCREMENT,
  `created_at` timestamp NULL DEFAULT NULL,
  `updated_at` timestamp NULL DEFAULT NULL,
  `deleted_at` timestamp NULL DEFAULT NULL,
  `title` varchar(255) NOT NULL,
  `description` varchar(250) DEFAULT NULL,
  `user_id` bigint(20) UNSIGNED NOT NULL,
  `count_questions` int(11) NOT NULL DEFAULT 0,
  PRIMARY KEY (`id`),
  UNIQUE KEY `tests_title_unique` (`title`)
) ENGINE=InnoDB AUTO_INCREMENT=10 DEFAULT CHARSET=utf8mb4 COLLATE=utf8mb4_unicode_ci;

--
-- Дамп данных таблицы `tests`
--

INSERT INTO `tests` (`id`, `created_at`, `updated_at`, `deleted_at`, `title`, `description`, `user_id`, `count_questions`) VALUES
(1, '2023-12-27 17:33:21', '2023-12-27 17:33:21', NULL, 'История-экзамен', 'Экзамен на знание истории для 2 курса', 1, 10),
(2, '2023-12-27 18:28:08', '2023-12-27 19:10:02', NULL, 'Биология', NULL, 2, 5),
(3, '2023-12-27 19:26:02', '2023-12-27 19:26:02', NULL, 'Математика', NULL, 3, 5),
(4, '2023-12-27 19:40:11', '2023-12-27 19:40:11', NULL, 'Философия', 'Базовый курс', 3, 10),
(5, '2023-12-27 19:40:41', '2023-12-27 19:40:41', NULL, 'Геометрия', NULL, 3, 17),
(6, '2023-12-27 19:42:43', '2023-12-27 19:42:43', NULL, 'Этика', NULL, 1, 4),
(7, '2023-12-27 19:43:36', '2023-12-27 19:43:36', NULL, 'Информационная безопасность', 'Базовые знания информационной безопасности', 1, 15),
(8, '2023-12-27 19:43:50', '2023-12-27 19:43:54', '2023-12-27 19:43:54', 'явыамыва', NULL, 1, 23),
(9, '2024-05-03 04:00:25', '2024-05-03 04:00:25', NULL, 'sdfg', 'asd', 9, 3);

-- --------------------------------------------------------

--
-- Структура таблицы `types`
--

CREATE TABLE IF NOT EXISTS `types` (
  `id` bigint(20) UNSIGNED NOT NULL AUTO_INCREMENT,
  `created_at` timestamp NULL DEFAULT NULL,
  `updated_at` timestamp NULL DEFAULT NULL,
  `title` varchar(255) NOT NULL,
  PRIMARY KEY (`id`),
  UNIQUE KEY `types_title_unique` (`title`)
) ENGINE=InnoDB AUTO_INCREMENT=6 DEFAULT CHARSET=utf8mb4 COLLATE=utf8mb4_unicode_ci;

--
-- Дамп данных таблицы `types`
--

INSERT INTO `types` (`id`, `created_at`, `updated_at`, `title`) VALUES
(1, NULL, NULL, 'Один вариант ответа'),
(2, NULL, NULL, 'Несколько вариантов ответа'),
(3, NULL, NULL, 'Без вариантов ответа'),
(4, NULL, NULL, 'Правильный порядок'),
(5, NULL, NULL, 'Соответствие');

-- --------------------------------------------------------

--
-- Структура таблицы `users`
--

CREATE TABLE IF NOT EXISTS `users` (
  `id` bigint(20) UNSIGNED NOT NULL AUTO_INCREMENT,
  `name` varchar(255) NOT NULL,
  `email` varchar(255) NOT NULL,
  `email_verified_at` timestamp NULL DEFAULT NULL,
  `password` varchar(255) NOT NULL,
  `remember_token` varchar(100) DEFAULT NULL,
  `created_at` timestamp NULL DEFAULT NULL,
  `updated_at` timestamp NULL DEFAULT NULL,
  `is_admin` smallint(6) DEFAULT NULL,
  `last_visit` timestamp NULL DEFAULT NULL,
  PRIMARY KEY (`id`),
  UNIQUE KEY `users_email_unique` (`email`)
) ENGINE=InnoDB AUTO_INCREMENT=10 DEFAULT CHARSET=utf8mb4 COLLATE=utf8mb4_unicode_ci;

--
-- Дамп данных таблицы `users`
--

INSERT INTO `users` (`id`, `name`, `email`, `email_verified_at`, `password`, `remember_token`, `created_at`, `updated_at`, `is_admin`, `last_visit`) VALUES
(1, 'Коткин Сергеевич Виталий', 'vkotkin2002@mail.ru', NULL, '$2y$12$JljkE5XR/TL6Wr3WqbFb.eubZPaBuXs9r5151AWhxIIvCbB/MJ7Oq', NULL, '2023-12-27 17:12:02', '2023-12-27 17:12:02', 1, NULL),
(2, 'Мардамшина Анна Александровна', 'mrdamanna@gmail.com', NULL, '$2y$10$rwYoxfU6h184xfTx63vIne5JG8xU21G0MJV4z4g5qTLpEFVhYD036', NULL, '2023-12-27 18:09:49', '2023-12-27 18:09:49', 1, NULL),
(3, 'Баранец Наталья Генадьевна', 'natal83@mail.ru', NULL, '$2y$10$QvudFqc6ipnERSpdb5VCnOarzUw4NgMRfS.0twHbYvJ4PJ0Mj6iuO', NULL, '2023-12-27 19:12:32', '2023-12-27 19:12:32', 1, NULL),
(4, 'Комисарова Диана', 'komisarova@mail.ru', NULL, '$2y$12$JljkE5XR/TL6Wr3WqbFb.eubZPaBuXs9r5151AWhxIIvCbB/MJ7Oq', NULL, '2023-12-27 19:45:43', '2023-12-27 19:45:43', 0, NULL),
(5, 'Кузьмин Александр', 'kuzay@gmail.com', NULL, '$2y$10$hwg14REQ4GcxFU0lnM8AAuUc/20RSbDLOF5ppncOTv5EGfPQulXbu', NULL, '2023-12-27 19:46:41', '2023-12-27 19:46:41', 0, NULL),
(6, 'Морозов Андрей', 'moroz@mail.ru', NULL, '$2y$10$fhQXJ3CxsLlbjZrVdLBwre2k1fGM./aUwC7pL8bQkVsuF0/EtjuEO', NULL, '2023-12-27 19:47:24', '2023-12-27 19:47:24', 0, NULL),
(7, 'Искандеров Никита', 'iskander@mail.ru', NULL, '$2y$10$QiDe62DvQNbNl/ICSFn2P.4Vysy3XpmolcddJCLKiEljcCwdt2anO', NULL, '2023-12-27 19:48:19', '2023-12-27 19:48:19', 0, NULL),
(8, 'Щучкина Диана', 'diana@gmail.com', NULL, '$2y$10$HV4xDwwR7WZecv1Jt.hlDuRncgun5Ml51lLDimFxZsewwSxfo5a0G', NULL, '2023-12-27 19:49:08', '2023-12-27 19:49:08', 0, NULL),
(9, 'name', 'vkotkin2002@gmail.com', NULL, '$2y$10$p.PTJlBRq6/lqc5ggJz8XeQKSpUDzv1M7.dELBOldaikRgp77PXfi', NULL, '2024-05-03 04:00:12', '2024-05-03 04:00:12', 1, NULL);

-- --------------------------------------------------------

--
-- Структура таблицы `user_groups`
--

CREATE TABLE IF NOT EXISTS `user_groups` (
  `id` bigint(20) UNSIGNED NOT NULL AUTO_INCREMENT,
  `created_at` timestamp NULL DEFAULT NULL,
  `updated_at` timestamp NULL DEFAULT NULL,
  `user_id` bigint(20) UNSIGNED NOT NULL,
  `group_id` bigint(20) UNSIGNED NOT NULL,
  PRIMARY KEY (`id`)
) ENGINE=InnoDB AUTO_INCREMENT=6 DEFAULT CHARSET=utf8mb4 COLLATE=utf8mb4_unicode_ci;

--
-- Дамп данных таблицы `user_groups`
--

INSERT INTO `user_groups` (`id`, `created_at`, `updated_at`, `user_id`, `group_id`) VALUES
(1, '2023-12-27 19:45:43', '2023-12-27 19:45:43', 4, 4),
(2, '2023-12-27 19:46:41', '2023-12-27 19:46:41', 5, 1),
(3, '2023-12-27 19:47:24', '2023-12-27 19:47:24', 6, 1),
(4, '2023-12-27 19:48:19', '2023-12-27 19:48:19', 7, 4),
(5, '2023-12-27 19:49:08', '2023-12-27 19:49:08', 8, 2);
SET FOREIGN_KEY_CHECKS=1;
COMMIT;

/*!40101 SET CHARACTER_SET_CLIENT=@OLD_CHARACTER_SET_CLIENT */;
/*!40101 SET CHARACTER_SET_RESULTS=@OLD_CHARACTER_SET_RESULTS */;
/*!40101 SET COLLATION_CONNECTION=@OLD_COLLATION_CONNECTION */;
